ref_id,role,authors,year,title,container,volume,pages,doi,arxiv_id,url
zhang2020l2d,seed-method,Cong Zhang; Wen Song; Zhiguang Cao; Jie Zhang; Puay Siew Tan; Chi Xu,2020,Learning to Dispatch for Job Shop Scheduling via Deep Reinforcement Learning,arXiv,,,,2010.12367,
song2023fjsp,seed-method,"Song, Wen; Chen, Xinyang; Li, Qiqiang; Cao, Zhiguang",2023,Flexible Job-Shop Scheduling via Graph Neural Network and Deep Reinforcement Learning,IEEE Transactions on Industrial Informatics,19,1600-1610,10.1109/tii.2022.3189725,,
wang2023daniel,seed-method,Runqing Wang; Gang Wang; Jian Sun; Fang Deng; Jie Chen,2023,Flexible Job Shop Scheduling via Dual Attention Network Based Reinforcement Learning,arXiv,,,,2305.05119,
resched2026,seed-method,Xiangjie Xiao; Cong Zhang; Wen Song; Zhiguang Cao,2026,RESCHED: Rethinking Flexible Job Shop Scheduling from a Transformer-based Architecture with Simplified States,arXiv,,,,2603.07020,https://arxiv.org/abs/2603.07020
kool2019attention,seed-method,Wouter Kool; Herke van Hoof; Max Welling,2018,"Attention, Learn to Solve Routing Problems!",arXiv,,,,1803.08475,
bengio2021ml4co,seed-method,"Bengio, Yoshua; Lodi, Andrea; Prouvost, Antoine",2021,Machine learning for combinatorial optimization: A methodological tour d’horizon,European Journal of Operational Research,290,405-421,10.1016/j.ejor.2020.07.063,,
mazyavkina2021rl4co,prior-review,"Mazyavkina, Nina; Sviridov, Sergey; Ivanov, Sergei; Burnaev, Evgeny",2021,Reinforcement learning for combinatorial optimization: A survey,Computers & Operations Research,134,105400,10.1016/j.cor.2021.105400,,
hartmann2010rcpsp,seed-method,"Hartmann, Sönke; Briskorn, Dirk",2010,A survey of variants and extensions of the resource-constrained project scheduling problem,European Journal of Operational Research,207,1-14,10.1016/j.ejor.2009.11.005,,
hartmann2022rcpsp,seed-method,"Hartmann, Sönke; Briskorn, Dirk",2022,An updated survey of variants and extensions of the resource-constrained project scheduling problem,European Journal of Operational Research,297,1-14,10.1016/j.ejor.2021.05.004,,
peiris2023metaheuristics,prior-review,"Peiris, Achini; Hui, Felix Kin Peng; Duffield, Colin; Ngo, Tuan",2023,Production scheduling in modular construction: Metaheuristics and future directions,Automation in Construction,150,104851,10.1016/j.autcon.2023.104851,,
jcem2022rlcem,prior-review,"Asghari, Vahid; Wang, Yanyu; Biglari, Ava Jahan; Hsu, Shu-Chien; Tang, Pingbo",2022,Reinforcement Learning in Construction Engineering and Management: A Review,Journal of Construction Engineering and Management,148,,10.1061/(asce)co.1943-7862.0002386,,
autcon2023robotics,prior-review,"Xiao, Bo; Chen, Chen; Yin, Xianfei",2022,Recent advancements of robotics in construction,Automation in Construction,144,104591,10.1016/j.autcon.2022.104591,,
js2025mlschedule,prior-review,"Koszykowski, Maciej; Orzeszko, Witold",2026,Machine learning in project schedule creation: a systematic literature review,Journal of Scheduling,29,21-38,10.1007/s10951-025-00857-w,,
jms2025drlsurvey,prior-review,"Waubert de Puiseau, Constantin; Ercan, Furkan; Peters, Jannik; Brune, Marvin; Tercan, Hasan; Prinz, Christopher; Meisen, Tobias; Kuhlenkötter, Bernd",2026,A literature review on deep reinforcement learning for machine scheduling problems,Journal of Manufacturing Systems,85,96-126,10.1016/j.jmsy.2025.12.017,,
lv2025jsspreview,prior-review,"Lv, Lingling; Zhang, Chunjiang; Fan, Jiaxin; Shen, Weiming",2025,Deep reinforcement learning for job shop scheduling problems: A comprehensive literature review,Knowledge-Based Systems,321,113633,10.1016/j.knosys.2025.113633,,
zhang2024resilient,prior-review,"Zhang, Chao; Juraschek, Max; Herrmann, Christoph",2024,Deep reinforcement learning-based dynamic scheduling for resilient and sustainable manufacturing: A systematic review,Journal of Manufacturing Systems,77,962-989,10.1016/j.jmsy.2024.10.026,,
kayhan2023rlreview,prior-review,"Kayhan, Behice Meltem; Yildiz, Gokalp",2023,Reinforcement learning applications to machine scheduling problems: a comprehensive literature review,Journal of Intelligent Manufacturing,34,905-929,10.1007/s10845-021-01847-3,,
gnnjssp2024survey,prior-review,Igor G. Smit; Jianan Zhou; Robbert Reijnen; Yaoxin Wu; Jian Chen; Cong Zhang; Zaharah Bukhsh; Yingqian Zhang; Wim Nuijten,2024,Graph Neural Networks for Job Shop Scheduling Problems: A Survey,arXiv,,,,2406.14096,
yao2024validaction,seed-domain,"Yao, Yuan; Tam, Vivian W.Y.; Wang, Jun; Le, Khoa N.; Butera, Anthony",2024,Automated construction scheduling using deep reinforcement learning with valid action sampling,Automation in Construction,166,105622,10.1016/j.autcon.2024.105622,,
rcim2023disruption,seed-domain,"Cai, Hongxia; Bian, Yunqi; Liu, Lilan",2024,Deep reinforcement learning for solving resource constrained project scheduling problems with resource disruptions,Robotics and Computer-Integrated Manufacturing,85,102628,10.1016/j.rcim.2023.102628,,
autcon2022crane,seed-domain,"Cho, SungHwan; Han, SangUk",2022,Reinforcement learning-based simulation and automation for tower crane 3D lift planning,Automation in Construction,144,104620,10.1016/j.autcon.2022.104620,,
zhu2023tase,seed-domain,"Zhu, Aiyu; Dai, Tianhong; Xu, Gangyan; Pauwels, Pieter; De Vries, Bauke; Fang, Meng",2023,Deep Reinforcement Learning for Real-Time Assembly Planning in Robot-Based Prefabricated Construction,IEEE Transactions on Automation Science and Engineering,20,1515-1526,10.1109/tase.2023.3236805,,
asce2024crew,seed-domain,"Deria, Anisha; Lee, Yong-Cheol; Ghannad, Pedram",2024,Deep Reinforcement Learning-Based Optimization for Crew Allocation in Modular Building Prefabrication,Construction Research Congress 2024,,1317-1326,10.1061/9780784485262.134,,
hyun2021modular,seed-domain,"Hyun, Hosang; Yoon, Inseok; Lee, Hyun-Soo; Park, Moonseo; Lee, Jeonghoon",2021,Multiobjective optimization for modular unit production lines focusing on crew allocation and production performance,Automation in Construction,125,103581,10.1016/j.autcon.2021.103581,,
lee2019moduleGA,seed-domain,"Lee, Jeonghoon; Hyun, Hosang",2019,Multiple Modular Building Construction Project Scheduling Using Genetic Algorithms,Journal of Construction Engineering and Management,145,,10.1061/(asce)co.1943-7862.0001585,,
chen2018bimfm,seed-domain,"Chen, Weiwei; Chen, Keyu; Cheng, Jack C.P.; Wang, Qian; Gan, Vincent J.L.",2018,BIM-based framework for automatic scheduling of facility maintenance work orders,Automation in Construction,91,15-30,10.1016/j.autcon.2018.03.007,,
andriotis2019dcmac,seed-domain,"Andriotis, C.P.; Papakonstantinou, K.G.",2019,Managing engineering systems with large state and action spaces through deep reinforcement learning,Reliability Engineering & System Safety,191,106483,10.1016/j.ress.2019.04.036,,
andriotis2021inspection,seed-domain,"Andriotis, C.P.; Papakonstantinou, K.G.",2021,Deep reinforcement learning driven inspection and maintenance planning under incomplete information and constraints,Reliability Engineering & System Safety,212,107551,10.1016/j.ress.2021.107551,,
bukhsh2023pipes,seed-domain,"Bukhsh, Zaharah A.; Molegraaf, Hajo; Jansen, Nils",2025,A maintenance planning framework using online and offline deep reinforcement learning,Neural Computing and Applications,37,13209-13220,10.1007/s00521-023-08560-7,,
lundberg2017shap,reference-xai,Scott Lundberg; Su-In Lee,2017,A Unified Approach to Interpreting Model Predictions,Advances in Neural Information Processing Systems,30,,,1705.07874,https://arxiv.org/abs/1705.07874
wachter2017counterfactual,reference-xai,"Wachter, Sandra; Mittelstadt, Brent; Russell, Chris",2017,Counterfactual Explanations Without Opening the Black Box: Automated Decisions and the GDPR,SSRN Electronic Journal,,,10.2139/ssrn.3063289,,
lee2004trust,reference-humanfactors,"Lee, John D.; See, Katrina A.",2004,Trust in Automation: Designing for Appropriate Reliance,Human Factors: The Journal of the Human Factors and Ergonomics Society,46,50-80,10.1518/hfes.46.1.50.30392,,
almada2019human,reference-humanfactors,"Almada, Marco",2019,Human intervention in automated decision-making,Proceedings of the Seventeenth International Conference on Artificial Intelligence and Law,,2-11,10.1145/3322640.3326699,,
bartusch1988scheduling,reference-orcanon,"Bartusch, M.; Möhring, R. H.; Radermacher, F. J.",1988,Scheduling project networks with resource constraints and time windows,Annals of Operations Research,16,199-240,10.1007/bf02283745,,
assaf2006causes,reference-domain,"Assaf, Sadi A.; Al-Hejji, Sadiq",2006,Causes of delay in large construction projects,International Journal of Project Management,24,349-357,10.1016/j.ijproman.2005.11.010,,
C0006,corpus-domain,Liang Liu; Qiang Chen; Jinlan Tan; Zhiying Tian,2026,A Dynamic Scheduling and Optimization Model for Intelligent Construction Supply Chain Resources Integrating Reinforcement Learning,Procedia Computer Science,,,10.1016/j.procs.2026.04.219,,
C0014,corpus-domain,Xinghui Xu; Samuel A. Prieto; Borja Garcia de Soto,2026,A Modular ROS-MARL Framework for Cooperative Multi-Robot Task Allocation in Construction Digital Environments,Buildings,,,10.3390/buildings16030539,,
C0018,corpus-domain,Nawal Louzi; Mohammad Q. Al-Jamal; Mahmoud AlJamal; Ayoub Alsarhan; Sami Aziz Alshammari,2026,A Renewable-Energy Resource Management Framework for Low-Carbon Network-Level Pavement Maintenance Using Simulation-Based Pavement-Energy Modeling and Multi-Agent Deep Reinforcement Learning,Resources,,,10.3390/resources15070086,,
C0027,corpus-domain,Zijie Xing,2026,A learning-based metaheuristic for multi-project scheduling in precast manufacturing: a case study of Singapore,NR (dissertation),,,10.32657/10356/214924,,
C0028,corpus-domain,Hao Liu; Jingwen Zhang; Erik Demeulemeester; Zhi X. Chen; Baofeng Tian,2026,A low-carbon resource-constrained project scheduling problem with limited three-dimensional workspaces and its hierarchical deep reinforcement learning approach,European Journal of Operational Research,,,10.1016/j.ejor.2026.02.011,,
C0032,corpus-domain,Bin Li; Zhiwei Zhang,2026,A multiagent reinforcement learning-based approach for construction resource scheduling and cost control in intelligent construction sites,Third International Conference on Intelligent Transportation and Smart Cities (ICITSC 2026),,,10.1117/12.3118711,,
C0035,corpus-domain,Yifan Wang; Bin Yang,2026,A scalable reinforcement learning framework for task allocation in flexible construction scenarios,Proceedings of the International Symposium on Automation and Robotics in Construction (IAARC/ISARC),,,10.22260/isarc2026/0263,,
C0061,corpus-domain,Jessada Sresakoolchai; Vachara Peansupap; Sakdirat Kaewunruen,2026,"Adaptive, delay-resilient labor allocation in construction using deep reinforcement learning for cost-delay trade-offs",Smart and Sustainable Built Environment,,,10.1108/sasbe-10-2025-0616,,
C0065,corpus-domain,Liupengfei Wu; Weisheng Lu; Yuanben Zou; Hongda An; Bolun Wang,2026,Agentic artificial intelligence of things (AIoT) for just-in-time (JIT) logistics and supply chain: a case of modular construction,International Journal of Logistics Research and Applications,,,10.1080/13675567.2026.2636594,,
C0076,corpus-domain,Lin Wang; Dan Hua; Yu Chen,2026,Analysis of intelligent construction scheduling optimization based on reinforcement learning and its carbon emission reduction effect,Discover Artificial Intelligence,,,10.1007/s44163-026-01260-w,,
C0082,corpus-domain,X. Ge; Ming Lu; Jun Jin,2026,Applying deep reinforcement learning for construction labour dispatching in a union hall setting,Automation in Construction,,,10.1016/j.autcon.2026.106838,,
C0088,corpus-domain,Deepika Dayalan,2026,Attention-Based Graph Reinforcement Learning for Large-Scale Construction Project Scheduling,2026 4th International Conference on Artificial Intelligence and Machine Learning Applications (AIMLA),,,10.1109/aimla67915.2026.11522431,,
C0091,corpus-domain,Ajay Kumar Agrawal; Yang Zou; Mohammed Abdelmegid; Vicente A. Gonzalez; Hongyu Jin,2026,Automated generation of assembly schedules for precast building projects under uncertainty using reinforcement learning and Monte Carlo sampling,Advanced Engineering Informatics,,,10.1016/j.aei.2026.104510,,
C0092,corpus-domain,Ruoxue Zhang; Ruyu Deng; Yihua Mao; Hongyun Chen,2026,Automated scheduling for repetitive construction projects using deep reinforcement learning,International Journal of Construction Management,,,10.1080/15623599.2026.2635998,,
C0095,corpus-domain,Wenbo Zhang; Zhengtao Wang; Zhenqing Yang; Zhi Cai,2026,BIM-based construction scheduling optimization through graph neural network-driven spatial semantic reasoning,Journal of Industrial Information Integration,,,10.1016/j.jii.2026.101088,,
C0122,corpus-domain,Shouyan Wu; Yang Li,2026,Construction Project Management Knowledge Graph Construction and Path Optimization by Neo4j and GNN,"2026 IEEE International Conference on Power, Electronics and Green Energy (ICPEGE)",,,10.1109/icpege67691.2026.11451520,,
C0133,corpus-domain,Junlong Peng; Chupei Chen,2026,Deep learning and heuristic exploration for risk-aware scheduling in construction projects,Automation in Construction,,,10.1016/j.autcon.2026.106957,,
C0168,corpus-domain,Robbert Bosch; Patricia Rogetzer; Wouter van Heeswijk; Martijn Mes,2026,Efficient Road Renovation Scheduling under Uncertainty using Lower Bound Pruning,University of Twente Research Information (arXiv preprint),,,10.48550/arxiv.2602.15554,,
C0204,corpus-domain,Ajay Kumar Agrawal; Yang Zou; Tao Yang,2026,Human Preference-Aligned Construction Scheduling using Reinforcement Learning and Direct Preference Optimization,Proceedings of the International Symposium on Automation and Robotics in Construction (IAARC/ISARC),,,10.22260/isarc2026/0142,,
C0206,corpus-domain,Swayamjit Saha; Subhabrata Das; Haonan Duan; Xiao-Yang Liu,2026,Hybrid LLM-based Intelligent Framework for Robot Task Scheduling,arXiv (Cornell University),,,10.48550/arxiv.2605.15486,2605.15486,
C0215,corpus-domain,Min Deng; Bo Fu; Lingyao Li; X J Wang,2026,Integrating LLMs and Digital Twins for Adaptive Multi-Robot Task Allocation in Construction,IEEE Transactions on Automation Science and Engineering,,,10.1109/tase.2026.3697962,2506.18178,
C0229,corpus-domain,Chunlin Wu; Yaxuan Yang; Rundong Xin,2026,Knowledge-Driven Reinforcement Learning for Prefabricated Construction Supply Chain Scheduling: A Two-Phase Large Language Model Integration Framework,SSRN Electronic Journal,,,10.2139/ssrn.6862780,,
C0230,corpus-domain,Giulio Mariniello; Tommaso Pastore; Domenico Asprone,2026,LLM agents for explainable bridge portfolio maintenance scheduling under uncertainty,Expert Systems with Applications,,,10.1016/j.eswa.2026.132730,,
C0261,corpus-domain,Yongjie Li; Xin Niu; Peng Li; Liu H; Ruoxi Dong; Nan Li; Zhongfu Tan,2026,Multi-Agent Deep Reinforcement Learning for Dynamic Cost Overrun Mitigation in Smart Grid Construction Projects,Energies,,,10.3390/en19133147,,
C0262,corpus-domain,Yujie Han; Kexin Sun; Yanying Wang; Zhiheng Zhao; George Q. Huang,2026,Multi-Timescale State Representation Fusion-Augmented Deep Reinforcement Learning for modular hospital fit-out scheduling,Automation in Construction,,,10.1016/j.autcon.2026.107073,,
C0264,corpus-domain,Ajay Kumar Agrawal; Yang Zou; Hongyu Jin,2026,Multi-objective optimization of assembly scheduling in precast building construction using deep reinforcement learning,Journal of Building Engineering,,,10.1016/j.jobe.2026.116077,,
C0270,corpus-domain,Hoiman Cheng; Shihping Kevin Huang; Chengwang Lin,2026,Optimal scheduling of off-site construction supply chains under uncertainty using deep recurrent Q-learning,International Journal of Construction Management,,,10.1080/15623599.2026.2632970,,
C0283,corpus-domain,Sha Tao; Junying Yu; Jianbo Zhu; Shiwei Chen; Xiao Xin Li,2026,Precast Component Production Scheduling Considering Outsourcing and Multiskilled Resources,Journal of Construction Engineering and Management,,,10.1061/jcemd4.coeng-17505,,
C0300,corpus-domain,Mohsen Hatami; Ian Flood; Forough Foroutan,2026,Reinforcement Learning-Based Policy for Haul-Truck Dispatch: A Framework for Earthmoving and Quarry Operations,Buildings,,,10.3390/buildings16112274,,
C0352,corpus-domain,Li Lai; You Dong,2026,VDInM: A versatile decision-making agent for infrastructure life-cycle management,SoftwareX,,,10.1016/j.softx.2026.102593,,
C0375,corpus-domain,Merish M; Jai Adithya S; Haritha K,2025,"A Hybrid AI Framework for Predictive Scheduling, Cost Optimization, and Real-Time Resource Management in Construction Projects",2025 IEEE International Conference on Communication Networks and Computing (CNC),,,10.1109/cnc68716.2025.11484784,,
C0398,corpus-domain,Mohammad Azim Eirgash; Jun-Jiat Tiang; Bayram Ateş; Abhishek Sharma; Wei Hong Lim,2025,A Reinforcement Learning Guided Oppositional Mountain Gazelle Optimizer for Time–Cost–Risk Trade-Off Optimization Problems,Buildings,,,10.3390/buildings16010144,,
C0408,corpus-domain,Yu Du; Junqing Li; Peiyong Duan; Xiao-Xue Geng,2025,A deep reinforcement learning driven bi-population evolutionary optimization for precast concrete scheduling with production transportation,Computers & Industrial Engineering,,,10.1016/j.cie.2025.111354,,
C0420,corpus-domain,Hao Liu; Jingwen Zhang; Erik Demeulemeester; Zhi Chen,2025,A machine learning-based genetic programming algorithm for the stochastic resource-constrained project scheduling problem with 3D workspaces and carbon emissions,International Journal of Production Research,,,10.1080/00207543.2025.2583475,,
C0461,corpus-domain,Rongzheng Yang; Shuangshuang Xu; Hao Li; Hao Zhu; Hongyu Zhao; Xiangyu Wang,2025,Action-Oriented Deep Reinforcement Learning Method for Precast Concrete Component Production Scheduling,Buildings,,,10.3390/buildings15050697,,
C0464,corpus-domain,Taotao Ma,2025,Adaptive Scheduling of Mixing Trucks in Construction Sites with an Improved Deep Q-Network,DYNA,,,10.52152/d8586,,
C0465,corpus-domain,Xue Chen; Xianfei Yin; Xianju Yuan; Ahmed Bouferguene; Mohamed Al-Hussein,2025,Adaptive job scheduling and resource allocation using digital twin and deep reinforcement learning method,SSRN Electronic Journal,,,10.2139/ssrn.5712098,,
C0503,corpus-domain,Ruoxue Zhang; Ruyu Deng; Yihua Mao; Hongyun Chen,2025,Automated Scheduling and Rescheduling for Repetitive Construction Projects Using Deep Reinforcement Learning,SSRN Electronic Journal,,,10.2139/ssrn.5224788,,
C0504,corpus-domain,Ajay Kumar Agrawal; Yang Zou; Hongyu Jin; Mohammed Abdelmegid; Vicente A. Gonzalez,2025,Automated assembly sequence planning and scheduling in precast building projects using reinforcement learning,Proceedings of the International Symposium on Automation and Robotics in Construction (ISARC),,,10.22260/isarc2025/0175,,
C0509,corpus-domain,Mohamed ElMenshawy; Lingzi Wu; Brian Gue; Simaan AbouRizk,2025,Automating Pipe Spool Fabrication Shop Scheduling for Modularized Industrial Construction Projects Using Reinforcement Learning,Journal of Computing in Civil Engineering,,,10.1061/jccee5.cpeng-6042,,
C0521,corpus-domain,Yifan Zhang; Xue Yang,2025,CONSTRUCTA: Automating Commercial Construction Schedules in Fabrication Facilities with Large Language Models,arXiv (Cornell University),,,10.48550/arxiv.2502.12066,2502.12066,
C0568,corpus-domain,Yuan Yao; Vivian W.Y. Tam; Jun Wang; Khoa N. Le; Anthony Butera,2025,Deep reinforcement learning-based schedule optimization for parallel precast production,"Engineering, Construction and Architectural Management",,,10.1108/ecam-03-2025-0429,,
C0575,corpus-domain,Yanfen Zhang,2025,Development of an integrated intelligent BIM-based model for multi-objective optimization in engineering assembly processes,PLOS One,,,10.1371/journal.pone.0333354,,
C0593,corpus-domain,Nianmin Zhang; Xiao Li,2025,Dynamic Work Package Sizing and Scheduling for Construction Projects under Uncertainties,Computing in Civil Engineering 2024,,,10.1061/9780784486115.050,,
C0637,corpus-domain,Yoonhwa Jung; Mani Golparvar-Fard,2025,ExpertScheduler: A Mixture-of-Experts Transformer Language Model for Generating Tasks in a Construction Look-ahead Plan,SSRN Electronic Journal,,,10.2139/ssrn.5446194,,
C0654,corpus-domain,Sihan Cao; Wenying Ji; Fang Dongping; Zaishang Li,2025,Formulating infrastructure restoration as a geospatial multi-project scheduling problem using agent-based simulation,Automation in Construction,,,10.1016/j.autcon.2025.106595,,
C0659,corpus-domain,Hanming Yao,2025,GAPS-RL: A Graph Attention Predictive Scheduling Framework for Dynamic Road Construction Management,2025 IEEE 4th International Conference of Safe Production and Informatization (IICSPI),,,10.1109/iicspi66775.2025.11437621,,
C0665,corpus-domain,Sai Kothapalli,2025,Generative Design for Construction Sequencing: A Deep Reinforcement Learning Approach with Vision Transformers,"World Congress on Computing, AI, and Machine Learning (IJETCSIT proceedings)",,,10.63282/wcai25-101,,
C0708,corpus-domain,Atena Khoshkonesh; Mohsen Mohammadagha; Navid Ebrahimi,2025,Integrated 4D/5D Digital-Twin Framework for Cost Estimation and Probabilistic Schedule Control: A Texas Mid-Rise Case Study,arXiv (Cornell University),,,10.48550/arxiv.2511.15711,2511.15711,
C0713,corpus-domain,Muhammad Aqib Zaheer; Asim Ali Khan; Hadi Abdullah; Waseem Khan,2025,"Integrating Artificial Intelligence Techniques for Predictive Project Scheduling, Dynamic Resource Allocation, and Accurate Cost Estimation",ACADEMIA International Journal for Social Sciences,,,10.63056/acad.004.02.0191,,
C0714,corpus-domain,Shahnawaz Mohammed; Abdul Raheman Mohammed; Abdul Faisal Mohammed,2025,Integrating Machine Learning and Engineering Management to Optimize Construction Scheduling and Resource Allocation,International Journal of Science and Engineering Applications,,,10.7753/ijsea1411.1008,,
C0728,corpus-domain,Qiang Jing; Jiaxin Zhang; Li Lai; You Dong,2025,Intelligent e-Maintenance for long-span bridges with preference-based decision making using A3C reinforcement learning,Engineering Structures,,,10.1016/j.engstruct.2025.121636,,
C0730,corpus-domain,Zehua Fei; Yueyan Li,2025,Inverse reinforcement learning driven cooperative optimization framework for carbon-efficiency integrated shop scheduling: A prefabricated building perspective,Computers & Industrial Engineering,,,10.1016/j.cie.2025.111743,,
C0748,corpus-domain,Nianmin Zhang; Xiao Li,2025,Large language model – enhanced distributed production scheduling for modular construction,Integrated Perspectives in Offsite Construction (book chapter),,,10.1201/9781003605928-7,,
C0774,corpus-domain,T. van der Beek; J. Theresia van Essen; Jeroen Pruyn; Karen Aardal,2025,Machine learning assisted Differential Evolution for the Dynamic Resource Constrained Multi-project Scheduling Problem with Static project Schedules,European Journal of Operational Research,,,10.1016/j.ejor.2025.05.059,,
C0797,corpus-domain,Bin Yang; Boda Liu; Yilong Han; Xin Meng; Yifan Wang; Hansi Yang; Jianzhuang Xiao,2025,Multi-agent reinforcement learning-enhanced decision-making of crew agents in floor construction processes,Advanced Engineering Informatics,,,10.1016/j.aei.2025.103996,,
C0798,corpus-domain,Huailong Li; Zhaojun Zhong; Ting Deng; Hao Li; Shusheng Yang; Yanjun Wang; Qing He,2025,Multi-level reinforcement learning with agent-based simulation for dynamic concrete scheduling in high-speed railway construction,Applied Soft Computing,,,10.1016/j.asoc.2025.114537,,
C0802,corpus-domain,Yunuo Zhang; Jun Zhang; Xiaoling Wang; Tuocheng Zeng,2025,Multi-task deep reinforcement learning for dynamic scheduling of large-scale fleets in earthmoving operations,Automation in Construction,,,10.1016/j.autcon.2025.106123,,
C0813,corpus-domain,Santanu Roy; Prem Kumar Sholapurapu; Pankaj Kumar Singh; Anjali Maurya; Josselyn Belen Garcia; Tasan Cruz Dany,2025,Optimizing Construction Project Scheduling Using Machine Learning and AI-Based Predictive Analytics for Cost and Time Efficiency,2025 Tenth International Conference on Science Technology Engineering and Mathematics (ICONSTEM),,,10.1109/iconstem65670.2025.11374881,,
C0823,corpus-domain,Yujie Han; Kexin Sun; Zhiheng Zhao; George Q. Huang,2025,Out-of-Distribution Modular Hospital Fit-Out Scheduling via Memory-augmented Deep Reinforcement Learning,2025 IEEE 21st International Conference on Automation Science and Engineering (CASE),,,10.1109/case58245.2025.11164092,,
C0831,corpus-domain,Yanquan Zhang; Ruidong Chang; Hossein Omrany; Jian Zuo; Jane Burry; Ning Gu,2025,Policy-gradient scheduling optimisation under multi-skill constraints: A comparative study on computational algorithms,Journal of Building Design and Environment,,,10.70401/jbde.2025.0017,,
C0871,corpus-domain,Leting Zu; Wenzhu Liao,2025,Reinforcement Learning-Based Multiobjective and Multiconstraint Production Scheduling for Precast Concrete,Journal of Construction Engineering and Management,,,10.1061/jcemd4.coeng-15995,,
C0874,corpus-domain,Panagiotis D. Paraschos; Konstantinos Geronikos; Konstantinos Kepaptsoglou; Dimitrios E. Koulouriotis,2025,Reinforcement learning for pavement maintenance cost optimization,Smart and Sustainable Built Environment,,,10.1108/sasbe-01-2025-0034,,
C0882,corpus-domain,Weiqian Sun; Zaiqian Chen; Binyang Li; Suyuan Zeng; Lihua Zhang; Guangcai Ren,2025,Research on AI-Based Photovoltaic Construction Management,2025 International Symposium on Intelligent Robotics and Systems (ISoIRS),,,10.1109/isoirs65690.2025.11168035,,
C0885,corpus-domain,Longkun Lu,2025,Research on the Application of Reinforcement Learning Algorithms in Multi-Objective Scheduling of Construction Engineering,2025 International Conference on Low-Altitude Airspace and Artificial Intelligence (LAAI),,,10.1109/laai69202.2025.00034,,
C0912,corpus-domain,Atena Khoshkonesh; Mohsen Mohammadagha; Navid Ebrahimi,2025,Simulation-Based Validation of an Integrated 4D/5D Digital-Twin Framework for Predictive Construction Control,arXiv (Cornell University),,,10.48550/arxiv.2511.03684,2511.03684,
C0930,corpus-domain,Yanfen Zhang,2025,Supplementary Table 4 of: Development of an integrated intelligent BIM-based model for multi-objective optimization in engineering assembly processes,PLOS ONE,,,10.1371/journal.pone.0333354.t004,,
C0946,corpus-domain,Keke Wang; Xin Zhou; Jianbo Guan,2025,The construction of an integrated cloud network digital intelligence platform for rail transit based on artificial intelligence,Scientific Reports,,,10.1038/s41598-025-29732-6,,
C0965,corpus-domain,Shusheng Yang; Jingjian Zhang; Shuangting Xu; Ting Deng; Qing He; Ping Wang,2025,Work Section Planning for Accompanying Construction of Extra-Long Tunnel and Ballastless Track of Mountainous High-Speed Railways,Journal of Construction Engineering and Management,,,10.1061/jcemd4.coeng-16397,,
C0966,corpus-domain,Giulio Mariniello; Tommaso Pastore; Domenico Asprone,2025,Zero-Shot LLM Agents for Explainable Bridge Portfolio Maintenance Scheduling Under Uncertainty,SSRN Electronic Journal,,,10.2139/ssrn.5946036,,
C0978,corpus-domain,Junqing Li; Jiake Li; Kaizhou Gao; Peiyong Duan,2024,A Hybrid Graph-Based Imitation Learning Method for a Realistic Distributed Hybrid Flow Shop With Family Setup Time,"IEEE Transactions on Systems, Man, and Cybernetics: Systems",,,10.1109/tsmc.2024.3449413,,
C0998,corpus-domain,Nianmin Zhang; Xiao Li; Yao Gao,2024,A joint work package sizing and scheduling problem considering resource constraints with a look-ahead heterogeneous reinforcement learning method,International Journal of Production Research,,,10.1080/00207543.2024.2430457,,
C1047,corpus-domain,Yuan Yao; Vivian W.Y. Tam; Jun Wang; Khoa N. Le; Anthony Butera,2024,Automated construction scheduling using deep reinforcement learning with valid action sampling,Automation in Construction,,,10.1016/j.autcon.2024.105622,,
C1081,corpus-domain,Yuan Yao; Vivian WY Tam; Jun Wang; Khoa N Le; Anthony Butera,2024,Deep Reinforcement Learning Scheduling Method for Prefabricated Bridge Construction,Proceedings of the 2nd International Conference on Construction Project Management and Construction Engineering (iCCPMCE-2024),,,10.71427/iccpmce2024/13,,
C1113,corpus-domain,Anisha Deria; Pedram Ghannad; Yong-Cheol Lee,2024,Dynamic Real-Time Optimization of Modular Unit Allocation to Off-Site Facilities in Postdisaster Reconstruction Using Deep Reinforcement Learning,Journal of Management in Engineering,,,10.1061/jmenea.meeng-5900,,
C1145,corpus-domain,Mohamed ElMenshawy; Lingzi Wu; Brian Gue; Simaan AbouRizk,2024,Exploring the Potential of Reinforcement Learning in Pipe Spool Scheduling in Industrial Projects,Proceedings of the International Symposium on Automation and Robotics in Construction (ISARC 2024),,,10.22260/isarc2024/0125,,
C1181,corpus-domain,Erik Johansson,2024,Integrating machine learning models in construction project scheduling for predictive analytics,International Journal of Hydropower and Civil Engineering,,,10.22271/27078302.2024.v5.i2a.51,,
C1195,corpus-domain,S. Prieto; Borja Garcia de Soto,2024,Large Language Models for Robot Task Allocation,"IEEE International Conference on Robotics and Automation (Future of Construction Workshop, ICRA 2024)",,,10.22260/icra2024/0007,,
C1232,corpus-domain,Xiaoyan Zhou; Ian Flood,2024,Optimization and evaluation of a neural network based policy for real-time control of construction factory processes,Journal of Information Technology in Construction,,,10.36680/j.itcon.2024.005,,
C1264,corpus-domain,Jianpeng Cao; Ranjith K. Soman; Irfan Čustović; Daniel Hall,2024,Reinforcement Learning for Smart Mobile Factory Operation in Linear Infrastructure projects,Proceedings of the 41st International Symposium on Automation and Robotics in Construction (ISARC),,,10.22260/isarc2024/0096,,
C1265,corpus-domain,Sania E. Seilabi; Mostafa Saneii; Mohammadhosein Pourgholamali; Mohammad Miralinaghi; Samuel Labi,2024,Reinforcement learning-based approach for urban road project scheduling considering alternative closure types,Computer-Aided Civil and Infrastructure Engineering,,,10.1111/mice.13365,,
C1267,corpus-domain,Jun Wang; Xudong Xue; Minrui Zhao; Jingjie Li; Tao Yue,2024,Research of Vehicle Scheduling and Path Planning for Concrete Batching Plant Based on GA-DeepACO-NLS Model,2024 4th International Conference on Computer Systems (ICCS),,,10.1109/iccs62594.2024.10795844,,
C1277,corpus-domain,Zhimeng Huang; Xiaodong Liu; Imed Romdhani; Chi-Sheng Shih,2024,Scalable Machine Learning Architectures for IPA-Driven Maintenance Task Allocation in Large-Scale Building Portfolios,Proceedings of the 2024 7th International Conference on Information Science and Systems (ICISS),,,10.1145/3700706.3700734,,
C1280,corpus-domain,Zhengyi Chen; Hao Wang; Boyu Wang; Yang Liu; Changhao Song; Xiao Zhang; Fangzhou Lin; Jack C.P. Cheng,2024,Scheduling optimization of electric ready mixed concrete vehicles using an improved model-based reinforcement learning,Automation in Construction,,,10.1016/j.autcon.2024.105308,,
C1283,corpus-domain,Maryam Soleymani; Mahdi Bonyani; Chao Wang,2024,Simulation of autonomous resource allocation through deep reinforcement learning-based portfolio-project integration,Automation in Construction,,,10.1016/j.autcon.2024.105381,,
C1316,corpus-domain,Yaning Zhang; Xiao Li; Chengke Wu; Zhi Chen,2023,A Double Deep Q-Network-Enabled Two-Layer Adaptive Work Package Scheduling Approach,Lecture Notes in Operations Research,,,10.1007/978-981-99-3626-7_79,,
C1321,corpus-domain,Sai Kothapalli,2023,"A Multi-Modal ML Framework for Construction Labor Productivity Optimization: Computer Vision, Predictive Analytics, and Reinforcement Learning Applications",International Journal For Multidisciplinary Research,,,10.36948/ijfmr.2023.v05i06.47565,,
C1336,corpus-domain,Yu Du; Junqing Li,2023,A deep reinforcement learning based algorithm for a distributed precast concrete production scheduling,International Journal of Production Economics,,,10.1016/j.ijpe.2023.109102,,
C1338,corpus-domain,Yaning Zhang; Xiao Li; Yue Teng; Qiping Shen; Sijun Bai,2023,A heuristic rule adaptive selection approach for multi-work package project scheduling problem,Expert Systems with Applications,,,10.1016/j.eswa.2023.122092,,
C1347,corpus-domain,Jun Lee; In-Ho Yeo; Younghoon Bae,2023,A stochastic track maintenance scheduling model based on deep reinforcement learning approaches,Reliability Engineering & System Safety,,,10.1016/j.ress.2023.109709,,
C1385,corpus-domain,Fouad Amer; Yoonhwa Jung; Mani Golparvar-Fard,2023,Construction schedule augmentation with implicit dependency constraints and automated generation of lookahead plan revisions,Automation in Construction,,,10.1016/j.autcon.2023.104896,,
C1407,corpus-domain,Yu-Ting Zhang; Jingyu Yang; Yang Wu,2023,Dynamic Resource Allocation Strategy of Multi-Objective Fuzzy Optimization Based on Markov Decision Process,IEEE Access,,,10.1109/access.2023.3314657,,
C1488,corpus-domain,Vladimir Anatolievich Sudakov; I. A. Belozerov; E. S. Prudkova,2023,Reinforcement Machine Learning Model for Sports Infrastructure Development Planning,Mathematical Models and Computer Simulations,,,10.1134/s2070048223040178,,
C1508,corpus-domain,Xiaoming Lei; You Dong; Dan M. Frangopol,2023,Sustainable Life-Cycle Maintenance Policymaking for Network-Level Deteriorating Bridges with a Convolutional Autoencoder–Structured Reinforcement Learning Agent,Journal of Bridge Engineering,,,10.1061/jbenf2.beeng-6159,,
C1560,corpus-domain,Maryam Soleymani; Mahdi Bonyani; Meghdad Attarzadeh,2022,Autonomous Resource Management in Construction Companies Using Deep Reinforcement Learning Based on IoT,arXiv (Cornell University),,,10.48550/arxiv.2208.08087,,
C1571,corpus-domain,Zilin Zhang; Yanan Cheng,2022,Critical Infrastructure Network Maintenance Scheduling Optimization Based on Random Resource Requirement,2022 4th International Conference on System Reliability and Safety Engineering (SRSE),,,10.1109/srse56746.2022.10067841,,
C1610,corpus-domain,Nebiyu Siraj Kedir; Sahand Somi; Aminah Robinson Fayek; Phuong H. D. Nguyen,2022,Hybridization of reinforcement learning and agent-based modeling to optimize construction planning and scheduling,Automation in Construction,,,10.1016/j.autcon.2022.104498,,
C1616,corpus-domain,Anisha Deria; Pedram Ghannad; Yong-Cheol Lee,2022,Integrating AI in an Audio-Based Digital Twin for Autonomous Management of Roadway Construction,Construction Research Congress 2022,,,10.1061/9780784483961.056,,
C1655,corpus-domain,Sylvester Tafirenyika; Tamuka Mavenge Moyo; Fasasi Lanre Erinjogunola; Saliu Alani Adio; Rasheed O Ajirotutu; Joshua Oluwaseun Lawoyin,2022,Reinforcement Learning Approach for Optimizing Pavement Maintenance and Rehabilitation Schedules,International Journal of Multidisciplinary Evolutionary Research,,,10.54660/ijmer.2022.3.2.148-163,,
C1660,corpus-domain,Taehoon Kim; Yong-Woo Kim; Dongmin Lee; Minju Kim,2022,Reinforcement learning approach to scheduling of precast concrete production,Journal of Cleaner Production,,,10.1016/j.jclepro.2022.130419,,
C1671,corpus-domain,Sania E. Seilabi; Mostafa Saneii; Mohammadhosein Pourgholamali Davarani; Mohammad Miralinaghi; Samuel Labi,2022,Total Road Closure Vs. Partial Closure - Insights for Road Project Scheduling Using a Reinforcement Learning-Based Approach,SSRN Electronic Journal,,,10.2139/ssrn.4140770,,
C1675,corpus-domain,Mohsen Hatami; Bryan Franz; Suman Paneru; Ian Flood,2022,Using Deep Learning Artificial Intelligence to Improve Foresight Method in the Optimization of Planning and Scheduling of Construction Processes,Computing in Civil Engineering 2021,,,10.1061/9780784483893.143,,
C1703,corpus-domain,Ranjith K. Soman; Miguel Molina-Solana,2021,Automating look-ahead schedule generation for construction using linked-data based constraint checking and reinforcement learning,Automation in Construction,,,10.1016/j.autcon.2021.104069,,
C1704,corpus-domain,Dongmin Lee; Minhoe Kim,2021,Autonomous construction hoist system based on deep reinforcement learning in high-rise building construction,Automation in Construction,,,10.1016/j.autcon.2021.103737,,
C1753,corpus-domain,Ejielo Ogbuefi; Jennifer Olatunde-Thorpe; Stephen Ehilenomen Aifuwa; T. Oshoba; D. Akokodaripon,2021,Neural Network Prediction of Pavement Roughness and Ride Quality Using In-Service Roadway Data,International Journal of Multidisciplinary Futuristic Development,,,10.54660/ijmfd.2021.2.2.34-49,,
S0087,corpus-domain,Yue Pan; Linfeng Li; Jianjun Qin; Jin-Jian Chen; P. Gardoni,2024,Unmanned aerial vehicle–human collaboration route planning for intelligent infrastructure inspection,Computer-Aided Civil and Infrastructure Engineering,,,10.1111/mice.13176,,
S0158,corpus-domain,Juan-Alberto Estrada-Garcia; Siqian Shen,2026,Multi-Stage Stochastic Optimization and Reinforcement Learning Approaches for Dynamic Inspection of Infrastructure Systems,arXiv,,,https://arxiv.org/abs/2606.15840,2606.15840,
S0178,corpus-domain,Zijie Xing; Chen Chen; R. Tiong,2025,Learning-Enhanced Differential Evolution for Multi-Mode Resource-Constrained Multi-Project Scheduling Problem in Industrial Prefabrication,Buildings,,,10.3390/buildings15121996,,
S0179,corpus-domain,Lin-lin Xie; Yajiao Chen; Sisi Wu; Ruidong Chang; Yilong Han,2023,Knowledge extraction for solving resource-constrained project scheduling problem through decision tree,"Engineering, Construction and Architectural Management",,,10.1108/ecam-04-2022-0345,,
S0187,corpus-domain,Shanzheng Huang; Yi Wang; Lishuai Li; Bo Liang; Qin Luo,2026,Robust reinforcement learning with graph neural networks for stochastic urban rail daily maintenance scheduling,Reliability Engineering & System Safety,,,10.1016/j.ress.2026.112888,,
S0194,corpus-domain,A. Fard; Arnold X.-X. Yuan,2025,Hierarchical Deep Reinforcement Learning Framework for Multi-Year Asset Management Under Budget Constraints,arXiv.org,,,10.48550/arxiv.2507.19458,2507.19458,
S0196,corpus-domain,Bin Yang; Boda Liu; Yilong Han; Xin Meng; Yifan Wang; Hansi Yang; Jianzhuang Xia,2024,Multiagent Reinforcement Learning Enhanced Decision-making of Crew Agents During Floor Construction Process,arXiv.org,,,10.48550/arxiv.2409.01060,2409.01060,
S0228,corpus-domain,Atena Khoshkonesh; Mohsen Mohammadagha; Navid Ebrahimi,2026,An uncertainty-aware 4D/5D digital-twin framework for cost estimation and probabilistic schedule control: field and benchmark validation from a Texas mid-rise project,Discover Civil Engineering,,,10.1007/s44290-026-00523-w,,
S0229,corpus-domain,Shanshan Jiang; Bin Yang; Boda Liu,2025,Precast Components On-site Construction Planning and Scheduling Method Based on a Novel Deep Learning Integrated Multi-agent System,Journal of Building Engineering,,,10.1016/j.jobe.2025.111907,,
S0237,corpus-domain,Anisha Deria; Yong-Cheol Lee; Pedram Ghannad,2024,Deep Reinforcement Learning-Based Optimization for Crew Allocation in Modular Building Prefabrication,Construction Research Congress 2024,,,10.1061/9780784485262.134,,
S0242,corpus-domain,Prateek Bhustali; P. Morato; K. G. Papakonstantinou; C. Andriotis,2026,The price of decentralization in managing engineering systems through multi-agent reinforcement learning,arXiv.org,,,10.48550/arxiv.2603.11884,2603.11884,
S0243,corpus-domain,Dennis Gross,2026,COOL-MC: Verifying and Explaining RL Policies for Multi-bridge Network Maintenance,arXiv.org,,,10.48550/arxiv.2603.07546,2603.07546,
S0248,corpus-domain,Huangbin Liang; B. Moya; Francisco Chinesta; Eleni N. Chatzi,2024,Resilience-based post disaster recovery optimization for infrastructure system via Deep Reinforcement Learning,Reliability Engineering & System Safety,,,10.48550/arxiv.2410.18577,2410.18577,
S0253,corpus-domain,Zachary Hamida; J. Goulet,2023,Hierarchical reinforcement learning for transportation infrastructure maintenance planning,Reliability Engineering & System Safety,,,10.1016/j.ress.2023.109214,,
S0254,corpus-domain,Pascal Leroy; P. Morato; J. Pisane; A. Kolios; D. Ernst,2023,IMP-MARL: a Suite of Environments for Large-scale Infrastructure Management Planning via MARL,Neural Information Processing Systems,,,10.48550/arxiv.2306.11551,2306.11551,
S0257,corpus-domain,Xudong Fan; Xijin Zhang; Xiaowei Wang; Xiong Yu,2023,A deep reinforcement learning model for resilient road network recovery under earthquake or flooding hazards,Journal of Infrastructure Preservation and Resilience,,,10.1186/s43065-023-00072-x,,
S0258,corpus-domain,P. Morato; C. Andriotis; K. Papakonstantinou; P. Rigo,2022,Inference and dynamic decision-making for deteriorating systems with probabilistic dependencies through Bayesian networks and deep reinforcement learning,Reliability Engineering & System Safety,,,10.1016/j.ress.2023.109144,2209.01092,
S0259,corpus-domain,R. Mohammadi; Qing He,2022,A deep reinforcement learning approach for rail renewal and maintenance planning,Reliability Engineering & System Safety,,,10.1016/j.ress.2022.108615,,
S0260,corpus-domain,Xudong Fan; Xijin Zhang; Xiong Yu,2022,A graph convolution network-deep reinforcement learning model for resilient water distribution network repair decisions,Computer-Aided Civil and Infrastructure Engineering,,,10.1111/mice.12813,,
S0265,corpus-domain,C. Andriotis; K. Papakonstantinou,2020,Deep reinforcement learning driven inspection and maintenance planning under incomplete information and constraints,Reliability Engineering & System Safety,,,10.1016/j.ress.2021.107551,2007.01380,
S0266,corpus-domain,S. Nozhati; B. Ellingwood; E. Chong,2020,Stochastic optimal control methodologies in risk-informed community resilience planning,Structural Safety,,,10.1016/j.strusafe.2019.101920,,
S0270,corpus-domain,Bingjie Wang; Hung Q. Nguyen; Qing Lu; Qiong Zhang; Mingyang Li,2025,A reinforcement learning approach to network-level maintenance planning of co-located road and water infrastructures with interdependencies,Reliability Engineering & System Safety,,,10.1016/j.ress.2025.111889,,
S0272,corpus-domain,Xiaoming Lei; You Dong; D. Frangopol,2025,Integration of inspection and monitoring data for RL-enhanced sustainable life-cycle management of infrastructure networks,Structure and Infrastructure Engineering,,,10.1080/15732479.2025.2453484,,
S0280,corpus-domain,Xiaoming Lei; Ye Xia; Lu Deng; Limin Sun,2022,A deep reinforcement learning framework for life-cycle maintenance planning of regional deteriorating bridges using inspection data,Structural And Multidisciplinary Optimization,,,10.1007/s00158-022-03210-3,,
S0283,corpus-domain,Akira Tanimoto,2021,Combinatorial Q-Learning for Condition-Based Infrastructure Maintenance,IEEE Access,,,10.1109/access.2021.3059244,,
T0001,corpus-domain,Hanzhang Ge; Jin Wang; Weidong Wang; Q. Zaheer; Lin Liao; Ying Sun; Youchi Li; Shi Qiu,2026,Optimization of Heavy Railway Maintenance Machinery Tamping Scheduling based on Deep Reinforcement Learning,Applied Soft Computing,,,10.1016/j.asoc.2026.115689,,
T0025,corpus-domain,Hengxu You; Yang Ye; Tianyu Zhou; Qi Zhu; Jing Du,2023,Robot-Enabled Construction Assembly with Automated Sequence Planning based on ChatGPT: RoboGPT,Buildings (arXiv preprint 2304.11018),,,arXiv:2304.11018 (10.48550/arxiv.2304.11018),2304.11018,
T0031,corpus-domain,Hui Li; Shuo Wang; Jie Pan; Fei Shan; Yuzhe Jiang; Haopeng Zhang; Zhenhua Dai; Qingjiang Shi,2025,Research on Pavement Maintenance Planning Using Reinforcement Learning,Intelligent Transportation Infrastructure,,,10.1093/iti/liaf001,,
T0032,corpus-domain,L. Yao; Z. Leng; J. Jiang; F. Ni,2024,A multi-agent reinforcement learning model for maintenance optimization of interdependent highway pavement networks,Computer-Aided Civil and Infrastructure Engineering,,,10.1111/mice.13234,,
T0036,corpus-domain,Moein Latifi; Fateme Golivand Darvishvand; Omid Khandel; Mobin Latifi Nowsoud,2021,A deep reinforcement learning model for predictive maintenance planning of road assets: Integrating LCA and LCCA,arXiv.org,,,arXiv:2112.12589,2112.12589,
T0037,corpus-domain,Limon Barua; Bo Zou,2021,Planning maintenance and rehabilitation activities for airport pavements: A combined supervised machine learning and reinforcement learning approach,International Journal of Transportation Science and Technology,,,10.1016/j.ijtst.2021.05.006,,
T0055,corpus-domain,Haoyu Sun; Xiaoming Yi; Zongjun Pan; Ning Cheng; Ping-Chun Shih; Yuanhao Guo,2025,How to Build a Reliable Framework to Make Intelligent Decisions About Road Maintenance,2025 8th International Conference on Information and Computer Technologies (ICICT),,,10.1109/icict64582.2025.00062,,
C0024,corpus-methods,Guangshuai Ning; Meimei Zheng; Tangbin Xia; Ershun Pan; Kan Wu,2026,A deep reinforcement learning method based on scale perception and heterogeneous graph neural network for flexible job shop scheduling,Advanced Engineering Informatics,,,10.1016/j.aei.2026.104725,,
C0232,corpus-methods,Wenbin Gu; Yushang Cao; Yuxin Li; N.A. Li; Lei Wang; Na Tang; Minghai Yuan; Fengque Pei,2026,Large language model-empowered dynamic scheduling for intelligent hybrid flow shop using multi-agent deep reinforcement learning,Advanced Engineering Informatics,,,10.1016/j.aei.2025.104294,,
C0236,corpus-methods,Shishun Zhang; Juzhan Xu; Yidan Fan; Chenyang Zhu; Ruizhen Hu; Yongjun Wang; Kai Xu,2026,Learning Flexible Job Shop Scheduling under Limited Buffers and Material Kitting Constraints,arXiv,,,https://arxiv.org/abs/2602.24180v1,2602.24180v1,
C0237,corpus-methods,Jiaqi Wang; Zhiguang Cao; Peng Zhao; Rui Cao; Yubin Xiao; Yuan Jiang; You Zhou,2026,Learning Memory-Enhanced Improvement Heuristics for Flexible Job Shop Scheduling,arXiv,,,https://arxiv.org/abs/2603.02846v1,2603.02846v1,
C0361,corpus-methods,Yi-Xiang Hu; Yuke Wang; Feng Wu; Zirui Huang; Shuli Zeng; Xiang-Yang Li,2026,iScheduler: Reinforcement Learning-Driven Continual Optimization for Large-Scale Resource Investment Problems,arXiv,,,https://arxiv.org/abs/2602.06064v1,2602.06064v1,
C0431,corpus-methods,Quanhong Ma; Yao Lu; Nan Wu; Qicai Zhu; Liguo Yao; Taihua Zhang,2025,A renewable energy aware multi-agent reinforcement learning approach for the dynamic flexible job shop scheduling problem,Advanced Engineering Informatics,,,10.1016/j.aei.2025.104113,,
C0673,corpus-methods,Jiake Li; Junqing Li; Ying Xu,2025,HGNP: A PCA-based heterogeneous graph neural network for a family distributed flexible job shop,Computers & Industrial Engineering,,,10.1016/j.cie.2024.110855,,
C0679,corpus-methods,Shivan Qasim Ameen; Sami Hussein Ismael; Dona Amange Franci; Darun Mudhafar Hamad; Shahab Wahhab Kareem,2025,Hierarchical Multi-agent Deep Reinforcement Learning for Real-time Multi-project Skill Scheduling with Uncertainty and Learning Transfer,International journal of intelligent engineering and systems,,,10.22266/ijies2026.0131.05,,
C0680,corpus-methods,Zhanwen Wu; Feng Zhang; Jinxin Wang; Weihang Dong; Zhaolong Zhu; Xiaolei Guo; Pingxiang Cao,2025,"Hierarchical deep reinforcement learning for dynamic lot-sizing, dispatching, and rescheduling in hybrid flow shops",Advanced Engineering Informatics,,,10.1016/j.aei.2025.104084,,
C0854,corpus-methods,Jiaxuan Shi; Fei Qiao; Juan Liu; Yumin Ma; Dongyuan Wang; Chen Ding,2025,Production-logistics collaborative scheduling in dynamic flexible job shops using nested-hierarchical deep reinforcement learning,Advanced Engineering Informatics,,,10.1016/j.aei.2025.103195,,
C0868,corpus-methods,Yuxin Li; Xinyu Li; Liang Gao,2025,Real-time scheduling for production-logistics collaborative environment using multi-agent deep reinforcement learning,Advanced Engineering Informatics,,,10.1016/j.aei.2025.103216,,
C0932,corpus-methods,Zhiming Yang,2025,Stochastic Resource Constrained Project Scheduling Problem with Uncertain Resource Availability Based on Deep Reinforcement Learning,Applied and Computational Engineering,,,10.54254/2755-2721/2025.28610,,
C0988,corpus-methods,Yaning Zhang; Xiao Li; Yue Teng; Qiping Shen; Sijun Bai,2024,A Reinforcement Learning Framework for Maximizing the Net Present Value of Stochastic Multi-work Packages Project Scheduling Problem,Lecture Notes in Operations Research,,,10.1007/978-981-97-1949-5_51,,
C1054,corpus-methods,Constantin Waubert de Puiseau; Christian Dörpelkus; Jannik Peters; Hasan Tercan; Tobias Meisen,2024,Beyond Training: Optimizing Reinforcement Learning Based Job Shop Scheduling Through Adaptive Action Sampling,arXiv,,,https://arxiv.org/abs/2406.07325v1,2406.07325v1,
C1065,corpus-methods,Yong Gui; Zequn Zhang; Dunbing Tang; Haihua Zhu; Yi Zhang,2024,Collaborative dynamic scheduling in a self-organizing manufacturing system using multi-agent reinforcement learning,Advanced Engineering Informatics,,,10.1016/j.aei.2024.102646,,
C1117,corpus-methods,Lixiang Zhang; Yan Yan; Chen Yang; Yaoguang Hu,2024,Dynamic flexible job-shop scheduling by multi-agent reinforcement learning with reward-shaping,Advanced Engineering Informatics,,,10.1016/j.aei.2024.102872,,
C1259,corpus-methods,Jian Chen; Hanlei Zhang; Wenjing Ma; Gangyan Xu,2024,Real-time scheduling for two-stage assembly flowshop with dynamic job arrivals by deep reinforcement learning,Advanced Engineering Informatics,,,10.1016/j.aei.2024.102632,,
C1332,corpus-methods,Shakib Zohrehvandi; Roya Soltani; Dimitri Lefebvre; Mehrnoosh Zohrehvandi; Alexandra Tenera,2023,A Two-Stage Machine Learning-Based Heuristic Algorithm for Buffer Management and Project Scheduling Optimization,Communications in computer and information science,,,10.1007/978-3-031-40395-8_6,,
C1339,corpus-methods,Minghai Yuan; Hanyu Huang; Zichen Li; Chenxi Zhang; Fengque Pei; Wenbin Gu,2023,A multi-agent double Deep-Q-network based on state machine and event stream for flexible job shop scheduling problem,Advanced Engineering Informatics,,,10.1016/j.aei.2023.102230,,
C1397,corpus-methods,Hongxia Cai; Yunqi Bian; Lilan Liu,2023,Deep reinforcement learning for solving resource constrained project scheduling problems with resource disruptions,Robotics and Computer-Integrated Manufacturing,,,10.1016/j.rcim.2023.102628,,
C1445,corpus-methods,Shengluo Yang; Junyi Wang; Zhigang Xu,2023,Learning to schedule dynamic distributed reconfigurable workshops using expected deep Q-network,Advanced Engineering Informatics,,,10.1016/j.aei.2023.102307,,
C1501,corpus-methods,Min Wu; Qiang Long; Yu Wang; Yichao Chen; Md Tuhinur Rahman,2023,Shortest Path Problem for Resource-Constrained Project Scheduling Based on Deep Reinforcement Learning,"2023 2nd International Conference on Machine Learning, Cloud Computing and Intelligent Mining (MLCCIM)",,,10.1109/mlccim60412.2023.00019,,
C1625,corpus-methods,Hongxia Cai; Yunqi Bian; Lilan Liu,2022,Learning to Schedule Srcpsp with Uncertain Resource Capacity Based on Graph Neural Network and Reinforcement Learning,SSRN Electronic Journal,,,10.2139/ssrn.4156352,,
C1654,corpus-methods,Shengluo Yang; Junyi Wang; Zhigang Xu,2022,Real-time scheduling for distributed permutation flowshops with dynamic job arrivals using deep reinforcement learning,Advanced Engineering Informatics,,,10.1016/j.aei.2022.101776,,
C1657,corpus-methods,Pierre Tassel; Benjamin Kovács; Martin Gebser; Konstantin Schekotihin; Wolfgang Kohlenbrein; Philipp Schrott-Kostwein,2022,Reinforcement Learning of Dispatching Strategies for Large-Scale Industrial Scheduling,Proceedings of the International Conference on Automated Planning and Scheduling (ICAPS),,,10.1609/icaps.v32i1.19852,,
C1666,corpus-methods,Xiaohan Wang; Zhang Li; Ting-Yu Lin; Chun Zhao; Kunyu Wang; Zhen Chen,2022,Solving job scheduling problems in a resource preemption environment with multi-agent reinforcement learning,Robotics and Computer-Integrated Manufacturing,,,10.1016/j.rcim.2022.102324,,
C1732,corpus-methods,Hongfeng Wang; Qi Yan; Shuzhu Zhang,2021,Integrated scheduling and flexible maintenance in deteriorating multi-state single machine system using a reinforcement learning approach,Advanced Engineering Informatics,,,10.1016/j.aei.2021.101339,,
C1809,corpus-methods,Shu Luo,2020,Dynamic scheduling for flexible job shop with new job insertions by deep reinforcement learning,Applied Soft Computing,,,10.1016/j.asoc.2020.106208,,
C1892,corpus-methods,Chun-Cheng Lin; Der-Jiunn Deng; Yen-Ling Chih; Hsin-Ting Chiu,2019,Smart Manufacturing Scheduling With Edge Computing Using Multiclass Deep Q Network,IEEE Transactions on Industrial Informatics,,,10.1109/tii.2019.2908210,,
S0002,corpus-methods,Jiangping Huang; Liang Gao; Xinyu Li,2026,A Spatiotemporal Graph Neural Network Based Deep Reinforcement Learning Method for Online Distributed Job-Shop Scheduling Problem,IEEE Transactions on Emerging Topics in Computational Intelligence,,,10.1109/tetci.2025.3628751,,
S0006,corpus-methods,Jia-min Chen; Bimal P. Nepal; Amarnath Banerjee,2025,A Reinforcement Learning-Based Discrete Event Simulation Approach for Streamlining Job-Shop Production Line Under Uncertainty,2025 Winter Simulation Conference (WSC),,,10.1109/wsc68292.2025.11339003,,
S0014,corpus-methods,Zijun Liao; Jinbiao Chen; Debing Wang; Zizhen Zhang; Jiahai Wang,2025,BOPO: Neural Combinatorial Optimization via Best-anchored and Objective-guided Preference Optimization,International Conference on Machine Learning (ICML),,,https://arxiv.org/abs/2503.07580,2503.07580,
S0019,corpus-methods,G. Gebreyesus; Getu Fellek; Ahmed Farid; Yi Qiang; Shigeru Fujimura; Osamu Yoshie,2024,A Deep Reinforcement Learning Framework with Convolution Augmented Attention and Gate Mechanism for Job Shop Scheduling,2024 the 8th International Conference on Innovation in Artificial Intelligence,,,10.1145/3655497.3655512,,
S0029,corpus-methods,Lincong Wu; Xiaoxia Li; Xin Lu; Zaiwen Feng; Yanguo Jing,2025,An Adaptive Meta-Reinforcement Learning Framework for Dynamic Flexible Job Shop Scheduling,IEEE Transactions on Automation Science and Engineering,,,10.1109/tase.2025.3627282,,
S0030,corpus-methods,Fei Ni; Jianye Hao; Jiawen Lu; Xialiang Tong; M. Yuan; Jiahui Duan; Yi Ma; Kun He,2021,A Multi-Graph Attributed Reinforcement Learning based Optimization Algorithm for Large-scale Hybrid Flow Shop Scheduling Problem,Knowledge Discovery and Data Mining,,,10.1145/3447548.3467135,,
S0031,corpus-methods,Tiantian Chen; Jun-qing Li; Li Wei; Junchao He,2026,Lot Streaming Optimization in Flexible Job Shop Scheduling via Deep Reinforcement Learning,Machines,,,10.3390/machines14050525,,
S0037,corpus-methods,Yuqi Cai; Yihai He; Liyang Zhang; Q. Lin; Jing Lu,2025,Multiobjective production and opportunistic maintenance dispatching rule optimization: A graph reinforcement learning approach,Computers & industrial engineering,,,10.1016/j.cie.2025.111636,,
S0039,corpus-methods,Peng Liang; Pengfei Xiao; Zeya Li; Min Luo; Chaoyong Zhang,2024,A novel deep reinforcement learning-based algorithm for multi-objective energy-efficient flow-shop scheduling,IET Collaborative Intelligent Manufacturing,,,10.1049/cim2.12121,,
S0043,corpus-methods,Luyao Sui; Ruijie Zhu,2025,DDQN-AJCM Algorithm for Flexible Job Shops Problem with Random Job Arrivals,2025 8th International Conference on Advanced Algorithms and Control Engineering (ICAACE),,,10.1109/icaace65325.2025.11019888,,
S0103,corpus-methods,Abderrazzak Sabri; H. Allaoui; Omar Souissi,2023,Reinforcement learning and stochastic dynamic programming for jointly scheduling jobs and preventive maintenance on a single machine to minimise earliness-tardiness,International Journal of Production Research,,,10.1080/00207543.2023.2172472,,
S0126,corpus-methods,Yuchen Liu; Ting Shu; Xuesong Yin; Jinsong Xia,2026,Synergistic Evolutionary Optimization with Reinforcement Learning for Multi-Objective Energy-Efficient Hybrid Flow Shop Scheduling,Axioms,,,10.3390/axioms15030193,,
S0143,corpus-methods,Chien-Liang Liu; Chun-Jan Tseng; Tzu-Hsuan Huang; Jhih-Wun Wang,2023,Dynamic Parallel Machine Scheduling With Deep Q-Network,"IEEE Transactions on Systems, Man & Cybernetics. Systems",,,10.1109/tsmc.2023.3289322,,
S0206,corpus-methods,Lingyu Yin; Z. Fang; Kaicen Li; Jing Chen; Naiji Fan; Mengyang Li,2026,A Bi-Level Intelligent Control Framework Integrating Deep Reinforcement Learning and Bayesian Optimization for Multi-Objective Adaptive Scheduling in Opto-Mechanical Automated Manufacturing,Applied Sciences,,,10.3390/app16020732,,
S0208,corpus-methods,Q. Yan; W. Wu; Hongfeng Wang,2022,Deep Reinforcement Learning for Distributed Flow Shop Scheduling with Flexible Maintenance,Machines,,,10.3390/machines10030210,,
S0219,corpus-methods,Meriem Touat; K. Benatchba; Lyna-Razane Meguellati,2025,MOSA-based Q-Learning for the Unrelated Parallel Machine Scheduling Problem with Maintenance Planning,"2025 11th International Conference on Control, Decision and Information Technologies (CoDIT)",,,10.1109/codit66093.2025.11321632,,
S0222,corpus-methods,Funing Li; S. Lang; Yuan Tian; Bingyuan Hong; Benjamin Rolf; Ruben Noortwyck; Robert Schulz; T. Reggelin,2024,A transformer-based deep reinforcement learning approach for dynamic parallel machine scheduling problem with family setups,Journal of Intelligent Manufacturing,,,10.1007/s10845-024-02470-8,,
S0223,corpus-methods,Zhenpeng Ge; Jianyou Xu; Hongfeng Wang,2023,Joint scheduling of permutation flow shop production and preventive maintenance using a reinforcement learning algorithm,Sixth International Conference on Computer Information Science and Application Technology (CISAT 2023),,,10.1117/12.3004188,,
S0224,corpus-methods,Ywh-Leh Chou,2026,A Deep Reinforcement Learning-Based Energy-Aware Open Shop Scheduling Method,IEEE Access,,,10.1109/access.2026.3659187,,
SM0006,corpus-methods,M. Nazari; Afshin Oroojlooy; L. Snyder; Martin Takác,2018,Reinforcement Learning for Solving the Vehicle Routing Problem,Neural Information Processing Systems (NeurIPS),,,https://arxiv.org/abs/1802.04240,1802.04240,
SM0736,corpus-methods,Sunil R. Adhau; M. L. Mittal; Abhinav Mittal,2012,A multi-agent system for distributed multi-project scheduling: An auction-based negotiation approach,Engineering Applications of Artificial Intelligence,,,10.1016/j.engappai.2011.12.003,,
page2021prisma,reference-method,"Page, Matthew J; McKenzie, Joanne E; Bossuyt, Patrick M; Boutron, Isabelle; Hoffmann, Tammy C; Mulrow, Cynthia D; Shamseer, Larissa; Tetzlaff, Jennifer M; Akl, Elie A; Brennan, Sue E; Chou, Roger; Glanville, Julie; Grimshaw, Jeremy M; Hróbjartsson, Asbjørn; Lalu, Manoj M; Li, Tianjing; Loder, Elizabeth W; Mayo-Wilson, Evan; McDonald, Steve; McGuinness, Luke A; Stewart, Lesley A; Thomas, James; Tricco, Andrea C; Welch, Vivian A; Whiting, Penny; Moher, David",2021,The PRISMA 2020 statement: an updated guideline for reporting systematic reviews,BMJ,,n71,10.1136/bmj.n71,,
hayes2007krippendorff,reference-method,"Hayes, Andrew F.; Krippendorff, Klaus",2007,Answering the Call for a Standard Reliability Measure for Coding Data,Communication Methods and Measures,1,77-89,10.1080/19312450709336664,,
wohlin2014snowballing,reference-method,"Wohlin, Claes",2014,Guidelines for snowballing in systematic literature studies and a replication in software engineering,Proceedings of the 18th International Conference on Evaluation and Assessment in Software Engineering,,1-10,10.1145/2601248.2601268,,
malcolm1959pert,reference-orcanon,"Malcolm, D. G.; Roseboom, J. H.; Clark, C. E.; Fazar, W.",1959,Application of a Technique for Research and Development Program Evaluation,Operations Research,7,646-669,10.1287/opre.7.5.646,,
priem2022openalex,reference-method,"Priem, Jason; Piwowar, Heather; Orr, Richard",2022,"OpenAlex: A fully-open index of scholarly works, authors, venues, institutions, and concepts",arXiv,,,,2205.01833,https://arxiv.org/abs/2205.01833
arditi2002lob,reference-orcanon,David Arditi; Onur B. Tokdemir; Kangsuk Suh,2002,Challenges in Line-of-Balance Scheduling,Journal of Construction Engineering and Management,128,545-556,10.1061/(ASCE)0733-9364(2002)128:6(545),,
brandimarte1993fjsp,reference-orcanon,Paolo Brandimarte,1993,Routing and scheduling in a flexible job shop by tabu search,Annals of Operations Research,41,157-183,10.1007/BF02023073,,
visser2021comparison,reference-method,Martijn Visser; Nees Jan van Eck; Ludo Waltman,2021,"Large-scale comparison of bibliographic data sources: Scopus, Web of Science, Dimensions, Crossref, and Microsoft Academic",Quantitative Science Studies,2,20-41,10.1162/qss_a_00112,,
T0056,corpus-domain,Aiyu Zhu; Gangyan Xu; Pieter Pauwels; Bauke de Vries; Meng Fang,2021,Deep Reinforcement Learning for Prefab Assembly Planning in Robot-based Prefabricated Construction,2021 IEEE 17th International Conference on Automation Science and Engineering (CASE),,1282-1288,10.1109/case49439.2021.9551402,,
T0057,corpus-domain,Vahid Asghari; Shu-Chien Hsu,2022,Upscaling Complex Project-Level Infrastructure Intervention Planning to Network Assets,Journal of Construction Engineering and Management,148,,10.1061/(asce)co.1943-7862.0002221,,
zhang2026wobench,reference-method,Ziheng Zhang; Tzu Pei Ku Chia,2026,When Does Learned Dispatching Beat Priority Rules? An Open Benchmark for Technician-Constrained Maintenance Work-Order Scheduling in Building Portfolios,SSRN Electronic Journal,,,10.2139/ssrn.7095162,,
ballard1998shielding,reference-orcanon,Glenn Ballard; Gregory Howell,1998,Shielding Production: Essential Step in Production Control,Journal of Construction Engineering and Management,124,11-17,10.1061/(ASCE)0733-9364(1998)124:1(11),,
